needle_id,needle_text,question_text
1,Memory consolidation during sleep helps learners retain verbal information better than visual patterns in most cases.,Your dad's brain favoring podcasts over football when shutting down for the night can be explained by the **modality effect**. Memory recall is higher for information received via speech (like podcasts) than through writing (which could be analogous to the visual patterns of football).
2,User adoption of complex technological systems often depends on establishing initial trust through consistent performance and transparent operational feedback mechanisms,"The ""secret sauce"" for getting people to accept a new, complicated tool is to make it seem simple and straightforward."
3,Memory consolidation during sleep helps learners retain verbal information better than visual patterns in most cases.,Your dad's brain favoring podcasts over football when shutting down for the night can be explained by the **modality effect**. Memory recall is higher for information received via speech (like podcasts) than through writing (which could be analogous to the visual patterns of football).
4,User adoption of complex technological systems often depends on establishing initial trust through consistent performance and transparent operational feedback mechanisms,"The ""secret sauce"" for getting people to accept a new, complicated tool is to make it seem simple and straightforward."
5,Memory consolidation during sleep helps learners retain verbal information better than visual patterns in most cases.,Your dad's brain favoring podcasts over football when shutting down for the night can be explained by the **modality effect**. Memory recall is higher for information received via speech (like podcasts) than through writing (which could be analogous to the visual patterns of football).
6,Memory consolidation during sleep helps learners retain verbal information better than visual patterns in most cases.,Your dad's brain favoring podcasts over football when shutting down for the night can be explained by the **modality effect**. Memory recall is higher for information received via speech (like podcasts) than through writing (which could be analogous to the visual patterns of football).
7,Memory consolidation during sleep helps learners retain verbal information better than visual patterns in most cases.,Your dad's brain favoring podcasts over football when shutting down for the night can be explained by the **modality effect**. Memory recall is higher for information received via speech (like podcasts) than through writing (which could be analogous to the visual patterns of football).
8,User adoption of complex technological systems often depends on establishing initial trust through consistent performance and transparent operational feedback mechanisms,"The ""secret sauce"" for getting people to accept a new, complicated tool is to make it seem simple and straightforward."
9,User adoption of complex technological systems often depends on establishing initial trust through consistent performance and transparent operational feedback mechanisms,"The ""secret sauce"" for getting people to accept a new, complicated tool is to make it seem simple and straightforward."
10,Memory consolidation during sleep helps learners retain verbal information better than visual patterns in most cases.,Your dad's brain favoring podcasts over football when shutting down for the night can be explained by the **modality effect**. Memory recall is higher for information received via speech (like podcasts) than through writing (which could be analogous to the visual patterns of football).
11,Memory consolidation during sleep helps learners retain verbal information better than visual patterns in most cases.,Your dad's brain favoring podcasts over football when shutting down for the night can be explained by the **modality effect**. Memory recall is higher for information received via speech (like podcasts) than through writing (which could be analogous to the visual patterns of football).